{
    "capabilities":
 [ 
   { 
     "browserName": "Android",
          "version":"6.1",
          "maxInstances": 3,
          "platform":"ANDROID",
		  "deviceName":"SSVOSGSGAE75856P"
		  }], 
	
    "configuration":
   { 
    "nodeTimeout":120, 
    "port":4723, 
    "hubPort":4445,
	"proxy": "org.openqa.grid.selenium.proxy.DefaultRemoteProxy",
    "url":"http://127.0.0.1:4723/wd/hub",
	"hub": "127.0.0.1:4445/grid/register",
    "hubHost":"127.0.0.1",
    "nodePolling":2000, 
    "registerCycle":10000,
    "register":true,
    "cleanUpCycle":2000, 
    "timeout":30000, 
    "maxSession":1
 } 
   } 